{
  "station" : "GME00128062",
  "zeitraum" : "1949-1959",
  "jahreszeiten" : {
    "Winter_1993_1994" : {
      "avgMin" : 0.11444444444444443,
      "avgMax" : 4.445555555555556
    },
    "Sommer_1978" : {
      "avgMin" : 10.92608695652174,
      "avgMax" : 20.81304347826087
    },
    "Winter_1984_1985" : {
      "avgMin" : -5.718888888888889,
      "avgMax" : -0.1388888888888889
    },
    "Herbst_1991" : {
      "avgMin" : 5.046153846153846,
      "avgMax" : 13.807692307692308
    },
    "Herbst_1990" : {
      "avgMin" : 6.223076923076922,
      "avgMax" : 12.757142857142858
    },
    "Herbst_1993" : {
      "avgMin" : 4.23956043956044,
      "avgMax" : 10.546153846153846
    },
    "Herbst_1992" : {
      "avgMin" : 4.723076923076923,
      "avgMax" : 12.245054945054944
    },
    "Herbst_1994" : {
      "avgMin" : 5.962637362637363,
      "avgMax" : 12.973626373626372
    },
    "Winter_1994_1995" : {
      "avgMin" : 1.4516129032258065,
      "avgMax" : 5.874193548387097
    },
    "Winter_1989_1990" : {
      "avgMin" : 1.0233333333333332,
      "avgMax" : 6.816666666666666
    },
    "Winter_1992_1993" : {
      "avgMin" : -1.3333333333333333,
      "avgMax" : 3.5555555555555554
    },
    "Frühling_1992" : {
      "avgMin" : 4.608695652173913,
      "avgMax" : 14.672826086956523
    },
    "Herbst_1988" : {
      "avgMin" : 5.3549450549450555,
      "avgMax" : 12.991208791208791
    },
    "Frühling_1993" : {
      "avgMin" : 5.2945652173913045,
      "avgMax" : 15.72391304347826
    },
    "Herbst_1987" : {
      "avgMin" : 6.2032967032967035,
      "avgMax" : 13.253846153846153
    },
    "Frühling_1990" : {
      "avgMin" : 5.331521739130435,
      "avgMax" : 15.588043478260868
    },
    "Frühling_1991" : {
      "avgMin" : 3.4369565217391305,
      "avgMax" : 12.535869565217391
    },
    "Herbst_1989" : {
      "avgMin" : 5.256043956043956,
      "avgMax" : 13.927472527472528
    },
    "Frühling_1994" : {
      "avgMin" : 4.975,
      "avgMax" : 14.029347826086957
    },
    "Herbst_1980" : {
      "avgMin" : 4.912087912087912,
      "avgMax" : 12.23846153846154
    },
    "Winter_1980_1981" : {
      "avgMin" : -2.1222222222222222,
      "avgMax" : 2.637777777777778
    },
    "Winter_1986_1987" : {
      "avgMin" : -5.047777777777778,
      "avgMax" : 0.6377777777777779
    },
    "Herbst_1982" : {
      "avgMin" : 6.154945054945055,
      "avgMax" : 15.592307692307694
    },
    "Winter_1983_1984" : {
      "avgMin" : -2.1252747252747253,
      "avgMax" : 3.2186813186813183
    },
    "Herbst_1981" : {
      "avgMin" : 5.348351648351648,
      "avgMax" : 13.274725274725276
    },
    "Herbst_1984" : {
      "avgMin" : 5.5747252747252745,
      "avgMax" : 12.695604395604395
    },
    "Herbst_1983" : {
      "avgMin" : 5.0516483516483515,
      "avgMax" : 13.205494505494507
    },
    "Herbst_1986" : {
      "avgMin" : 5.1208791208791204,
      "avgMax" : 13.475824175824176
    },
    "Herbst_1985" : {
      "avgMin" : 4.464835164835165,
      "avgMax" : 11.9021978021978
    },
    "Winter_1990_1991" : {
      "avgMin" : -2.4266666666666667,
      "avgMax" : 2.283333333333333
    },
    "Sommer_1990" : {
      "avgMin" : 12.786956521739132,
      "avgMax" : 22.652173913043477
    },
    "Sommer_1992" : {
      "avgMin" : 14.072826086956523,
      "avgMax" : 26.106521739130436
    },
    "Sommer_1991" : {
      "avgMin" : 11.777049180327868,
      "avgMax" : 21.206557377049183
    },
    "Sommer_1994" : {
      "avgMin" : 13.082608695652173,
      "avgMax" : 24.717391304347824
    },
    "Sommer_1993" : {
      "avgMin" : 11.867391304347825,
      "avgMax" : 20.95978260869565
    },
    "Frühling_1981" : {
      "avgMin" : 4.664130434782609,
      "avgMax" : 14.596739130434784
    },
    "Frühling_1982" : {
      "avgMin" : 2.631521739130435,
      "avgMax" : 13.691304347826087
    },
    "Herbst_1979" : {
      "avgMin" : 4.416483516483516,
      "avgMax" : 12.6010989010989
    },
    "Frühling_1980" : {
      "avgMin" : 1.341304347826087,
      "avgMax" : 11.35
    },
    "Herbst_1978" : {
      "avgMin" : 6.0978021978021975,
      "avgMax" : 12.301098901098902
    },
    "Frühling_1985" : {
      "avgMin" : 4.514130434782609,
      "avgMax" : 13.458695652173914
    },
    "Frühling_1986" : {
      "avgMin" : 4.319565217391304,
      "avgMax" : 12.971739130434784
    },
    "Winter_1981_1982" : {
      "avgMin" : -5.361111111111111,
      "avgMax" : 0.8277777777777777
    },
    "Winter_1987_1988" : {
      "avgMin" : 0.8681318681318682,
      "avgMax" : 5.118681318681319
    },
    "Frühling_1983" : {
      "avgMin" : 4.9380434782608695,
      "avgMax" : 13.555434782608694
    },
    "Frühling_1984" : {
      "avgMin" : 2.525,
      "avgMax" : 12.553260869565218
    },
    "Frühling_1989" : {
      "avgMin" : 4.011956521739131,
      "avgMax" : 15.247826086956522
    },
    "Winter_1978_1979" : {
      "avgMin" : -5.297777777777778,
      "avgMax" : 0.047777777777777745
    },
    "Frühling_1987" : {
      "avgMin" : 2.128260869565217,
      "avgMax" : 11.092391304347826
    },
    "Frühling_1988" : {
      "avgMin" : 4.278260869565218,
      "avgMax" : 13.906521739130437
    },
    "Winter_1991_1992" : {
      "avgMin" : -0.8791208791208791,
      "avgMax" : 4.724175824175824
    },
    "Winter_1985_1986" : {
      "avgMin" : -4.242222222222223,
      "avgMax" : 2.312222222222222
    },
    "Winter_1988_1989" : {
      "avgMin" : 0.698888888888889,
      "avgMax" : 6.162222222222223
    },
    "Sommer_1981" : {
      "avgMin" : 12.14782608695652,
      "avgMax" : 21.05217391304348
    },
    "Sommer_1980" : {
      "avgMin" : 11.502173913043478,
      "avgMax" : 20.722826086956523
    },
    "Sommer_1983" : {
      "avgMin" : 11.631521739130434,
      "avgMax" : 24.22608695652174
    },
    "Sommer_1982" : {
      "avgMin" : 11.957608695652173,
      "avgMax" : 23.71630434782609
    },
    "Sommer_1985" : {
      "avgMin" : 11.366304347826087,
      "avgMax" : 21.57608695652174
    },
    "Sommer_1984" : {
      "avgMin" : 11.27282608695652,
      "avgMax" : 20.608695652173914
    },
    "Sommer_1987" : {
      "avgMin" : 11.013043478260869,
      "avgMax" : 20.517391304347825
    },
    "Sommer_1986" : {
      "avgMin" : 11.667391304347827,
      "avgMax" : 22.67065217391304
    },
    "Sommer_1989" : {
      "avgMin" : 11.431521739130435,
      "avgMax" : 22.963043478260868
    },
    "Winter_1982_1983" : {
      "avgMin" : -0.6388888888888888,
      "avgMax" : 4.723333333333334
    },
    "Sommer_1988" : {
      "avgMin" : 12.559782608695652,
      "avgMax" : 22.594565217391303
    },
    "Winter_1979_1980" : {
      "avgMin" : -2.632967032967033,
      "avgMax" : 2.8274725274725276
    },
    "Sommer_1979" : {
      "avgMin" : 11.509782608695653,
      "avgMax" : 21.31086956521739
    },
    "Frühling_1978" : {
      "avgMin" : 4.221311475409836,
      "avgMax" : 15.495081967213116
    },
    "Frühling_1979" : {
      "avgMin" : 3.3152173913043477,
      "avgMax" : 12.745652173913042
    }
  }
}