{
  "station" : "GME00128126",
  "zeitraum" : "1949-1959",
  "jahreszeiten" : {
    "Winter_1960" : {
      "avgMin" : -1.7802197802197801,
      "avgMax" : 3.291208791208791
    },
    "Sommer_1954" : {
      "avgMin" : 12.454347826086956,
      "avgMax" : 21.54891304347826
    },
    "Sommer_1953" : {
      "avgMin" : 13.206521739130435,
      "avgMax" : 23.367391304347827
    },
    "Sommer_1956" : {
      "avgMin" : 11.827173913043477,
      "avgMax" : 20.996739130434783
    },
    "Sommer_1955" : {
      "avgMin" : 13.505434782608695,
      "avgMax" : 22.877173913043475
    },
    "Herbst_1955" : {
      "avgMin" : 5.814285714285715,
      "avgMax" : 13.121978021978022
    },
    "Sommer_1947" : {
      "avgMin" : 13.747826086956522,
      "avgMax" : 25.63478260869565
    },
    "Frühling_1960" : {
      "avgMin" : 4.227173913043478,
      "avgMax" : 13.132608695652175
    },
    "Winter_1959" : {
      "avgMin" : -2.062222222222222,
      "avgMax" : 3.4766666666666666
    },
    "Herbst_1954" : {
      "avgMin" : 6.196703296703297,
      "avgMax" : 13.174725274725276
    },
    "Winter_1958" : {
      "avgMin" : -1.6133333333333333,
      "avgMax" : 4.297777777777778
    },
    "Herbst_1957" : {
      "avgMin" : 5.508791208791209,
      "avgMax" : 12.79010989010989
    },
    "Sommer_1949" : {
      "avgMin" : 11.969565217391304,
      "avgMax" : 23.12608695652174
    },
    "Winter_1957" : {
      "avgMin" : -0.9433333333333334,
      "avgMax" : 4.435555555555555
    },
    "Herbst_1956" : {
      "avgMin" : 4.894505494505494,
      "avgMax" : 12.305494505494504
    },
    "Sommer_1948" : {
      "avgMin" : 12.058695652173913,
      "avgMax" : 23.472826086956523
    },
    "Herbst_1959" : {
      "avgMin" : 4.362637362637362,
      "avgMax" : 13.426373626373627
    },
    "Winter_1956" : {
      "avgMin" : -5.00989010989011,
      "avgMax" : 1.0032967032967033
    },
    "Herbst_1958" : {
      "avgMin" : 6.562637362637363,
      "avgMax" : 13.737362637362637
    },
    "Winter_1955" : {
      "avgMin" : -3.2844444444444445,
      "avgMax" : 2.697777777777778
    },
    "Winter_1954" : {
      "avgMin" : -4.42,
      "avgMax" : 1.461111111111111
    },
    "Winter_1953" : {
      "avgMin" : -1.1933333333333334,
      "avgMax" : 3.311111111111111
    },
    "Frühling_1949" : {
      "avgMin" : 3.9478260869565216,
      "avgMax" : 14.715217391304348
    },
    "Herbst_1953" : {
      "avgMin" : 6.22967032967033,
      "avgMax" : 14.607692307692307
    },
    "Frühling_1947" : {
      "avgMin" : 3.510869565217391,
      "avgMax" : 14.60217391304348
    },
    "Frühling_1948" : {
      "avgMin" : 5.016304347826087,
      "avgMax" : 16.266304347826086
    },
    "Sommer_1960" : {
      "avgMin" : 12.855434782608697,
      "avgMax" : 22.01521739130435
    },
    "Sommer_1958" : {
      "avgMin" : 12.290217391304349,
      "avgMax" : 22.15108695652174
    },
    "Winter_1949" : {
      "avgMin" : -0.5644444444444445,
      "avgMax" : 4.933333333333334
    },
    "Sommer_1957" : {
      "avgMin" : 13.080434782608696,
      "avgMax" : 22.530434782608697
    },
    "Winter_1948" : {
      "avgMin" : -2.135164835164835,
      "avgMax" : 4.041758241758242
    },
    "Winter_1947" : {
      "avgMin" : -7.319999999999999,
      "avgMax" : -1.3233333333333333
    },
    "Sommer_1959" : {
      "avgMin" : 14.172826086956523,
      "avgMax" : 23.94347826086957
    },
    "Herbst_1948" : {
      "avgMin" : 5.802197802197802,
      "avgMax" : 13.842857142857143
    },
    "Frühling_1953" : {
      "avgMin" : 4.327173913043478,
      "avgMax" : 16.157608695652176
    },
    "Herbst_1947" : {
      "avgMin" : 6.004395604395604,
      "avgMax" : 14.858241758241757
    },
    "Herbst_1949" : {
      "avgMin" : 6.042857142857143,
      "avgMax" : 15.66923076923077
    },
    "Frühling_1956" : {
      "avgMin" : 3.1750000000000003,
      "avgMax" : 11.790217391304349
    },
    "Frühling_1957" : {
      "avgMin" : 3.1076086956521736,
      "avgMax" : 13.707608695652173
    },
    "Herbst_1960" : {
      "avgMin" : 6.539560439560439,
      "avgMax" : 13.034065934065934
    },
    "Frühling_1954" : {
      "avgMin" : 3.526086956521739,
      "avgMax" : 13.004347826086958
    },
    "Frühling_1955" : {
      "avgMin" : 1.7597826086956523,
      "avgMax" : 11.101086956521739
    },
    "Frühling_1958" : {
      "avgMin" : 2.967391304347826,
      "avgMax" : 11.154347826086957
    },
    "Frühling_1959" : {
      "avgMin" : 5.338043478260869,
      "avgMax" : 15.795652173913044
    }
  }
}