{
  "station" : "GMW00035110",
  "zeitraum" : "1949-1954",
  "jahreszeiten" : {
    "Winter_1949" : {
      "avgMin" : -0.5777777777777777,
      "avgMax" : 5.066666666666667
    },
    "Sommer_1949" : {
      "avgMin" : 12.322988505747125,
      "avgMax" : 21.891954022988504
    },
    "Frühling_1949" : {
      "avgMin" : 4.70989010989011,
      "avgMax" : 13.895604395604396
    }
  }
}