{
  "station" : "GMW00035104",
  "zeitraum" : "1949-1959",
  "jahreszeiten" : {
    "Winter_1951_1952" : {
      "avgMin" : 0.3747252747252747,
      "avgMax" : 4.305494505494505
    },
    "Sommer_1950" : {
      "avgMin" : 14.52967032967033,
      "avgMax" : 23.928571428571427
    },
    "Sommer_1952" : {
      "avgMin" : 14.18804347826087,
      "avgMax" : 22.97391304347826
    },
    "Winter_1948_1949" : {
      "avgMin" : -0.488135593220339,
      "avgMax" : 4.433898305084746
    },
    "Sommer_1951" : {
      "avgMin" : 14.730434782608697,
      "avgMax" : 23.42391304347826
    },
    "Sommer_1954" : {
      "avgMin" : 13.782608695652174,
      "avgMax" : 21.691304347826087
    },
    "Sommer_1953" : {
      "avgMin" : 14.83695652173913,
      "avgMax" : 23.455434782608698
    },
    "Sommer_1955" : {
      "avgMin" : 11.46,
      "avgMax" : 20.87
    },
    "Winter_1952_1953" : {
      "avgMin" : -1.5188888888888892,
      "avgMax" : 2.3677777777777775
    },
    "Herbst_1954" : {
      "avgMin" : 7.381318681318682,
      "avgMax" : 13.22087912087912
    },
    "Sommer_1949" : {
      "avgMin" : 13.252173913043478,
      "avgMax" : 22.020652173913046
    },
    "Herbst_1951" : {
      "avgMin" : 7.321978021978022,
      "avgMax" : 14.797802197802197
    },
    "Frühling_1949" : {
      "avgMin" : 5.066304347826088,
      "avgMax" : 13.976086956521739
    },
    "Herbst_1950" : {
      "avgMin" : 6.342857142857143,
      "avgMax" : 12.514285714285714
    },
    "Herbst_1953" : {
      "avgMin" : 7.63076923076923,
      "avgMax" : 14.892307692307693
    },
    "Herbst_1952" : {
      "avgMin" : 5.263736263736264,
      "avgMax" : 10.093406593406593
    },
    "Winter_1950_1951" : {
      "avgMin" : -1.602222222222222,
      "avgMax" : 2.922222222222222
    },
    "Winter_1953_1954" : {
      "avgMin" : -4.1288888888888895,
      "avgMax" : 0.8066666666666666
    },
    "Frühling_1952" : {
      "avgMin" : 5.193478260869566,
      "avgMax" : 13.36413043478261
    },
    "Frühling_1953" : {
      "avgMin" : 6.097777777777777,
      "avgMax" : 16.075555555555557
    },
    "Frühling_1950" : {
      "avgMin" : 5.746739130434783,
      "avgMax" : 14.06195652173913
    },
    "Frühling_1951" : {
      "avgMin" : 4.255434782608695,
      "avgMax" : 11.964130434782609
    },
    "Herbst_1949" : {
      "avgMin" : 7.426373626373626,
      "avgMax" : 15.696703296703298
    },
    "Winter_1954_1955" : {
      "avgMin" : -2.013333333333333,
      "avgMax" : 2.688888888888889
    },
    "Frühling_1954" : {
      "avgMin" : 4.586956521739131,
      "avgMax" : 12.872826086956522
    },
    "Winter_1949_1950" : {
      "avgMin" : -0.6363636363636364,
      "avgMax" : 4.271590909090909
    },
    "Frühling_1955" : {
      "avgMin" : 2.7695652173913046,
      "avgMax" : 10.728260869565217
    }
  }
}