{
  "station" : "GME00130714",
  "zeitraum" : "1949-1959",
  "jahreszeiten" : {
    "Winter_1964_1965" : {
      "avgMin" : -4.786666666666667,
      "avgMax" : 1.0366666666666666
    },
    "Herbst_1955" : {
      "avgMin" : 2.8285714285714283,
      "avgMax" : 12.262637362637363
    },
    "Frühling_1960" : {
      "avgMin" : 2.725,
      "avgMax" : 14.117391304347825
    },
    "Herbst_1954" : {
      "avgMin" : 3.6637362637362636,
      "avgMax" : 13.17032967032967
    },
    "Herbst_1957" : {
      "avgMin" : 3.7351648351648348,
      "avgMax" : 12.317582417582418
    },
    "Winter_1955_1956" : {
      "avgMin" : -8.002197802197802,
      "avgMax" : 0.9582417582417583
    },
    "Herbst_1956" : {
      "avgMin" : 3.2527472527472527,
      "avgMax" : 12.147252747252749
    },
    "Frühling_1963" : {
      "avgMin" : 1.6054347826086959,
      "avgMax" : 12.833695652173914
    },
    "Herbst_1959" : {
      "avgMin" : 0.7945054945054945,
      "avgMax" : 13.776923076923078
    },
    "Frühling_1964" : {
      "avgMin" : 2.3380434782608694,
      "avgMax" : 13.027173913043478
    },
    "Herbst_1958" : {
      "avgMin" : 5.027472527472527,
      "avgMax" : 12.827472527472526
    },
    "Frühling_1961" : {
      "avgMin" : 3.7510869565217395,
      "avgMax" : 14.616304347826087
    },
    "Frühling_1962" : {
      "avgMin" : 0.616304347826087,
      "avgMax" : 11.554347826086957
    },
    "Frühling_1965" : {
      "avgMin" : 1.3,
      "avgMax" : 11.558695652173913
    },
    "Frühling_1966" : {
      "avgMin" : 2.6478260869565218,
      "avgMax" : 13.81304347826087
    },
    "Winter_1965_1966" : {
      "avgMin" : -2.493333333333333,
      "avgMax" : 4.518888888888889
    },
    "Herbst_1951" : {
      "avgMin" : 3.5,
      "avgMax" : 14.593406593406593
    },
    "Herbst_1953" : {
      "avgMin" : 2.739560439560439,
      "avgMax" : 14.215384615384615
    },
    "Herbst_1952" : {
      "avgMin" : 2.281318681318681,
      "avgMax" : 10.167032967032968
    },
    "Sommer_1961" : {
      "avgMin" : 9.430434782608696,
      "avgMax" : 21.769565217391303
    },
    "Winter_1966_1967" : {
      "avgMin" : -1.6870967741935485,
      "avgMax" : 3.364516129032258
    },
    "Sommer_1960" : {
      "avgMin" : 10.232608695652173,
      "avgMax" : 21.957608695652173
    },
    "Sommer_1963" : {
      "avgMin" : 10.332608695652175,
      "avgMax" : 22.48586956521739
    },
    "Sommer_1962" : {
      "avgMin" : 8.484782608695653,
      "avgMax" : 22.10217391304348
    },
    "Sommer_1965" : {
      "avgMin" : 9.809782608695652,
      "avgMax" : 21.119565217391305
    },
    "Sommer_1964" : {
      "avgMin" : 9.770652173913044,
      "avgMax" : 24.19782608695652
    },
    "Sommer_1966" : {
      "avgMin" : 9.891304347826088,
      "avgMax" : 21.053260869565218
    },
    "Sommer_1958" : {
      "avgMin" : 10.29782608695652,
      "avgMax" : 22.07282608695652
    },
    "Sommer_1957" : {
      "avgMin" : 10.546739130434782,
      "avgMax" : 22.278260869565216
    },
    "Sommer_1959" : {
      "avgMin" : 10.872826086956522,
      "avgMax" : 23.088043478260868
    },
    "Winter_1960_1961" : {
      "avgMin" : -3.3077777777777775,
      "avgMax" : 3.3988888888888886
    },
    "Frühling_1952" : {
      "avgMin" : 2.623913043478261,
      "avgMax" : 14.085869565217392
    },
    "Frühling_1953" : {
      "avgMin" : 1.142391304347826,
      "avgMax" : 16.02282608695652
    },
    "Winter_1963_1964" : {
      "avgMin" : -7.421978021978021,
      "avgMax" : -0.09230769230769231
    },
    "Frühling_1951" : {
      "avgMin" : 1.2119565217391304,
      "avgMax" : 12.825000000000001
    },
    "Winter_1957_1958" : {
      "avgMin" : -4.49,
      "avgMax" : 2.9399999999999995
    },
    "Frühling_1956" : {
      "avgMin" : 0.883695652173913,
      "avgMax" : 12.546739130434782
    },
    "Frühling_1957" : {
      "avgMin" : 1.409782608695652,
      "avgMax" : 13.842391304347826
    },
    "Winter_1954_1955" : {
      "avgMin" : -4.2700000000000005,
      "avgMax" : 2.101111111111111
    },
    "Frühling_1954" : {
      "avgMin" : 2.0597826086956523,
      "avgMax" : 12.798913043478262
    },
    "Frühling_1955" : {
      "avgMin" : -0.5380434782608696,
      "avgMax" : 11.61195652173913
    },
    "Frühling_1958" : {
      "avgMin" : 0.1826086956521739,
      "avgMax" : 11.76195652173913
    },
    "Frühling_1959" : {
      "avgMin" : 2.8108695652173914,
      "avgMax" : 15.469565217391304
    },
    "Winter_1961_1962" : {
      "avgMin" : -4.987777777777778,
      "avgMax" : 2.501111111111111
    },
    "Winter_1951_1952" : {
      "avgMin" : -4.096703296703297,
      "avgMax" : 1.979120879120879
    },
    "Sommer_1952" : {
      "avgMin" : 10.439130434782609,
      "avgMax" : 24.882608695652173
    },
    "Sommer_1951" : {
      "avgMin" : 10.494565217391305,
      "avgMax" : 22.567391304347826
    },
    "Sommer_1954" : {
      "avgMin" : 9.877173913043478,
      "avgMax" : 20.857608695652175
    },
    "Sommer_1953" : {
      "avgMin" : 9.908695652173913,
      "avgMax" : 22.42717391304348
    },
    "Sommer_1956" : {
      "avgMin" : 9.770652173913044,
      "avgMax" : 20.46195652173913
    },
    "Sommer_1955" : {
      "avgMin" : 10.51086956521739,
      "avgMax" : 21.56195652173913
    },
    "Winter_1952_1953" : {
      "avgMin" : -5.493333333333333,
      "avgMax" : 1.2444444444444445
    },
    "Winter_1958_1959" : {
      "avgMin" : -4.891111111111111,
      "avgMax" : 3.621111111111111
    },
    "Winter_1962_1963" : {
      "avgMin" : -11.841111111111111,
      "avgMax" : -2.5744444444444445
    },
    "Winter_1953_1954" : {
      "avgMin" : -5.572222222222222,
      "avgMax" : 0.49444444444444446
    },
    "Winter_1956_1957" : {
      "avgMin" : -3.858888888888889,
      "avgMax" : 3.3333333333333335
    },
    "Herbst_1966" : {
      "avgMin" : 4.631868131868132,
      "avgMax" : 13.446153846153845
    },
    "Herbst_1965" : {
      "avgMin" : 2.0153846153846153,
      "avgMax" : 12.515384615384617
    },
    "Herbst_1960" : {
      "avgMin" : 3.7527472527472527,
      "avgMax" : 13.34175824175824
    },
    "Herbst_1962" : {
      "avgMin" : 2.17032967032967,
      "avgMax" : 12.901098901098901
    },
    "Winter_1959_1960" : {
      "avgMin" : -3.7956043956043954,
      "avgMax" : 2.8912087912087916
    },
    "Herbst_1961" : {
      "avgMin" : 3.9505494505494507,
      "avgMax" : 15.124175824175824
    },
    "Herbst_1964" : {
      "avgMin" : 3.6868131868131866,
      "avgMax" : 13.035164835164835
    },
    "Herbst_1963" : {
      "avgMin" : 4.457142857142857,
      "avgMax" : 14.286813186813186
    }
  }
}