{
  "station" : "GME00127882",
  "zeitraum" : "1949-1959",
  "jahreszeiten" : {
    "Sommer_1970" : {
      "avgMin" : 11.96195652173913,
      "avgMax" : 24.066304347826087
    },
    "Sommer_1972" : {
      "avgMin" : 12.4,
      "avgMax" : 23.243478260869566
    },
    "Winter_1963" : {
      "avgMin" : -9.341111111111111,
      "avgMax" : -2.2577777777777777
    },
    "Sommer_1971" : {
      "avgMin" : 12.201086956521738,
      "avgMax" : 24.057608695652174
    },
    "Winter_1962" : {
      "avgMin" : -2.7266666666666666,
      "avgMax" : 2.2399999999999998
    },
    "Sommer_1974" : {
      "avgMin" : 11.68913043478261,
      "avgMax" : 22.05
    },
    "Winter_1961" : {
      "avgMin" : -3.0555555555555554,
      "avgMax" : 3.4555555555555557
    },
    "Sommer_1973" : {
      "avgMin" : 11.855434782608697,
      "avgMax" : 24.097826086956523
    },
    "Winter_1960" : {
      "avgMin" : -2.0604395604395602,
      "avgMax" : 3.110989010989011
    },
    "Sommer_1976" : {
      "avgMin" : 12.007608695652175,
      "avgMax" : 24.51086956521739
    },
    "Sommer_1975" : {
      "avgMin" : 12.910869565217391,
      "avgMax" : 24.67391304347826
    },
    "Sommer_1978" : {
      "avgMin" : 11.569565217391306,
      "avgMax" : 21.809782608695652
    },
    "Sommer_1977" : {
      "avgMin" : 12.854347826086956,
      "avgMax" : 22.355434782608693
    },
    "Sommer_1969" : {
      "avgMin" : 12.1,
      "avgMax" : 23.719565217391303
    },
    "Sommer_1968" : {
      "avgMin" : 12.015217391304349,
      "avgMax" : 23.81086956521739
    },
    "Frühling_1960" : {
      "avgMin" : 3.5119565217391306,
      "avgMax" : 13.391304347826088
    },
    "Winter_1959" : {
      "avgMin" : -2.597777777777778,
      "avgMax" : 3.3200000000000003
    },
    "Frühling_1963" : {
      "avgMin" : 3.323913043478261,
      "avgMax" : 13.532608695652174
    },
    "Herbst_1959" : {
      "avgMin" : 2.7296703296703297,
      "avgMax" : 13.826373626373627
    },
    "Frühling_1964" : {
      "avgMin" : 2.856521739130435,
      "avgMax" : 12.514130434782608
    },
    "Frühling_1961" : {
      "avgMin" : 5.1173913043478265,
      "avgMax" : 14.553260869565218
    },
    "Frühling_1962" : {
      "avgMin" : 2.6630434782608696,
      "avgMax" : 11.871739130434783
    },
    "Frühling_1967" : {
      "avgMin" : 4.671739130434783,
      "avgMax" : 14.320652173913043
    },
    "Frühling_1968" : {
      "avgMin" : 3.784782608695652,
      "avgMax" : 14.218478260869563
    },
    "Frühling_1965" : {
      "avgMin" : 2.4565217391304346,
      "avgMax" : 11.839130434782609
    },
    "Frühling_1966" : {
      "avgMin" : 4.296739130434783,
      "avgMax" : 13.9
    },
    "Frühling_1969" : {
      "avgMin" : 2.7271739130434782,
      "avgMax" : 11.771739130434783
    },
    "Sommer_1961" : {
      "avgMin" : 11.64782608695652,
      "avgMax" : 22.169565217391302
    },
    "Sommer_1960" : {
      "avgMin" : 11.625,
      "avgMax" : 22.804347826086957
    },
    "Sommer_1963" : {
      "avgMin" : 11.97717391304348,
      "avgMax" : 24.470652173913045
    },
    "Sommer_1962" : {
      "avgMin" : 10.23913043478261,
      "avgMax" : 21.203260869565216
    },
    "Sommer_1965" : {
      "avgMin" : 10.596739130434782,
      "avgMax" : 21.920652173913044
    },
    "Sommer_1964" : {
      "avgMin" : 11.959782608695651,
      "avgMax" : 23.970652173913045
    },
    "Sommer_1967" : {
      "avgMin" : 11.906521739130437,
      "avgMax" : 23.546739130434784
    },
    "Sommer_1966" : {
      "avgMin" : 12.307608695652174,
      "avgMax" : 23.067391304347826
    },
    "Sommer_1959" : {
      "avgMin" : 13.005434782608695,
      "avgMax" : 24.55652173913043
    },
    "Herbst_1980" : {
      "avgMin" : 5.081318681318682,
      "avgMax" : 12.616483516483516
    },
    "Herbst_1981" : {
      "avgMin" : 5.557142857142857,
      "avgMax" : 13.614285714285716
    },
    "Frühling_1959" : {
      "avgMin" : 4.514130434782609,
      "avgMax" : 16.036956521739132
    },
    "Winter_1982" : {
      "avgMin" : -5.054237288135593,
      "avgMax" : 1.9440677966101696
    },
    "Winter_1981" : {
      "avgMin" : -3.5355555555555553,
      "avgMax" : 1.258888888888889
    },
    "Winter_1980" : {
      "avgMin" : -3.3076923076923075,
      "avgMax" : 2.1835164835164833
    },
    "Frühling_1981" : {
      "avgMin" : 4.821739130434783,
      "avgMax" : 15.11413043478261
    },
    "Herbst_1977" : {
      "avgMin" : 6.068131868131869,
      "avgMax" : 13.342857142857143
    },
    "Frühling_1982" : {
      "avgMin" : 3.2673913043478264,
      "avgMax" : 14.201086956521738
    },
    "Herbst_1976" : {
      "avgMin" : 5.801098901098901,
      "avgMax" : 13.041758241758242
    },
    "Herbst_1979" : {
      "avgMin" : 4.874725274725275,
      "avgMax" : 12.816483516483515
    },
    "Frühling_1980" : {
      "avgMin" : 2.0619565217391305,
      "avgMax" : 11.975
    },
    "Winter_1979" : {
      "avgMin" : -3.7122222222222225,
      "avgMax" : 1.6433333333333333
    },
    "Herbst_1978" : {
      "avgMin" : 6.309890109890111,
      "avgMax" : 12.486813186813187
    },
    "Winter_1978" : {
      "avgMin" : -2.7066666666666666,
      "avgMax" : 2.7177777777777776
    },
    "Winter_1977" : {
      "avgMin" : -0.5155555555555555,
      "avgMax" : 4.376666666666666
    },
    "Winter_1976" : {
      "avgMin" : -2.4934065934065934,
      "avgMax" : 2.9054945054945054
    },
    "Winter_1975" : {
      "avgMin" : 0.4211111111111111,
      "avgMax" : 5.597777777777778
    },
    "Herbst_1971" : {
      "avgMin" : 4.417582417582418,
      "avgMax" : 13.257142857142858
    },
    "Herbst_1970" : {
      "avgMin" : 5.593406593406593,
      "avgMax" : 13.383516483516484
    },
    "Herbst_1973" : {
      "avgMin" : 4.5516483516483515,
      "avgMax" : 12.6010989010989
    },
    "Herbst_1972" : {
      "avgMin" : 4.202197802197802,
      "avgMax" : 12.10989010989011
    },
    "Herbst_1975" : {
      "avgMin" : 5.8901098901098905,
      "avgMax" : 12.87912087912088
    },
    "Herbst_1974" : {
      "avgMin" : 5.3791208791208796,
      "avgMax" : 12.427472527472528
    },
    "Sommer_1981" : {
      "avgMin" : 12.735869565217392,
      "avgMax" : 22.190217391304348
    },
    "Sommer_1980" : {
      "avgMin" : 12.09891304347826,
      "avgMax" : 21.543478260869566
    },
    "Winter_1974" : {
      "avgMin" : 1.6377777777777778,
      "avgMax" : 6.485555555555556
    },
    "Sommer_1982" : {
      "avgMin" : 11.68,
      "avgMax" : 22.896666666666665
    },
    "Winter_1973" : {
      "avgMin" : -1.25,
      "avgMax" : 3.05
    },
    "Winter_1972" : {
      "avgMin" : -3.2010989010989013,
      "avgMax" : 2.3857142857142857
    },
    "Winter_1971" : {
      "avgMin" : -0.8922222222222221,
      "avgMax" : 4.332222222222222
    },
    "Winter_1970" : {
      "avgMin" : -4.726666666666667,
      "avgMax" : 0.6044444444444445
    },
    "Frühling_1970" : {
      "avgMin" : 2.5184782608695655,
      "avgMax" : 11.023913043478261
    },
    "Herbst_1966" : {
      "avgMin" : 5.658241758241758,
      "avgMax" : 12.973626373626372
    },
    "Sommer_1979" : {
      "avgMin" : 12.083695652173914,
      "avgMax" : 22.167391304347827
    },
    "Frühling_1971" : {
      "avgMin" : 3.5434782608695654,
      "avgMax" : 13.697826086956523
    },
    "Herbst_1965" : {
      "avgMin" : 3.1527472527472526,
      "avgMax" : 12.414285714285715
    },
    "Winter_1969" : {
      "avgMin" : -6.142222222222221,
      "avgMax" : -0.5655555555555556
    },
    "Herbst_1968" : {
      "avgMin" : 6.276923076923078,
      "avgMax" : 13.256043956043955
    },
    "Winter_1968" : {
      "avgMin" : -3.353846153846154,
      "avgMax" : 1.5065934065934066
    },
    "Herbst_1967" : {
      "avgMin" : 6.78901098901099,
      "avgMax" : 14.553846153846155
    },
    "Frühling_1974" : {
      "avgMin" : 3.8249999999999997,
      "avgMax" : 14.421739130434782
    },
    "Winter_1967" : {
      "avgMin" : -0.8722222222222222,