{
  "station" : "GMW00035104",
  "zeitraum" : "1949-1950",
  "jahreswerte" : {
    "1949" : {
      "avgMin" : 6.546153846153847,
      "avgMax" : 14.225274725274724
    },
    "1950" : {
      "avgMin" : 6.150413223140496,
      "avgMax" : 13.320661157024793
    }
  }
}